{"x": [-14.71728515625, 12.249059677124023, -6.781132698059082, ...], "label": [0, 1, 2, ...], "work_list": ["Ma tahaksin kodus olla", "Kalamies", "\u00dcle lainete", "Kalamies", ...]]}